{"cameraMode":{"drawMode":0,"name":"Shaded","section":"Shading Mode"},"sceneLighting":true,"audioPlay":false,"sceneViewState":{"showFog":true,"showMaterialUpdate":false,"showSkybox":true,"showFlares":true,"showImageEffects":true,"showParticleSystems":true},"in2DMode":false,"pivot":{"x":44.919342041015628,"y":-13.218167304992676,"z":-30.848188400268556},"rotation":{"x":-0.14920593798160554,"y":0.8505545258522034,"z":-0.34546539187431338,"w":-0.3673531115055084},"size":23.150882720947267,"orthographic":false}