{"cameraMode":{"drawMode":0,"name":"Shaded","section":"Shading Mode"},"sceneLighting":false,"audioPlay":false,"sceneViewState":{"showFog":true,"showMaterialUpdate":false,"showSkybox":false,"showFlares":true,"showImageEffects":true,"showParticleSystems":true},"in2DMode":false,"pivot":{"x":0.7536953687667847,"y":3.1372365951538088,"z":2.2458267211914064},"rotation":{"x":0.28042709827423098,"y":0.03166867420077324,"z":-0.00925746001303196,"w":0.9593086242675781},"size":22.27745246887207,"orthographic":false}